{
  "ptbxl_test": {
    "macro_auroc": 0.9333096112771541,
    "macro_f1": 0.22534386801618572,
    "micro_f1": 0.4871826023569433,
    "per_class": {
      "NORM": {
        "auroc": 0.9186803486704181,
        "f1": 0.8137535816618912,
        "threshold": 0.3516901731491089,
        "n_pos": 954,
        "is_new": false
      },
      "AFIB": {
        "auroc": null,
        "f1": 0.0,
        "threshold": 0.7258850932121277,
        "n_pos": 0,
        "is_new": false
      },
      "PVC": {
        "auroc": 0.9662135122410547,
        "f1": 0.44660194174757284,
        "threshold": 0.8335703015327454,
        "n_pos": 96,
        "is_new": false
      },
      "LVH": {
        "auroc": 0.9387997444414341,
        "f1": 0.5301204819277109,
        "threshold": 0.8268817663192749,
        "n_pos": 177,
        "is_new": false
      },
      "IMI": {
        "auroc": 0.8343330235701615,
        "f1": 0.33261802575107297,
        "threshold": 0.95,
        "n_pos": 175,
        "is_new": false
      },
      "ASMI": {
        "auroc": 0.8944347161248952,
        "f1": 0.3907074973600845,
        "threshold": 0.9213552474975586,
        "n_pos": 194,
        "is_new": false
      },
      "CLBBB": {
        "auroc": 0.9914867958466191,
        "f1": 0.5306122448979592,
        "threshold": 0.7386265397071838,
        "n_pos": 54,
        "is_new": false
      },
      "CRBBB": {
        "auroc": 0.9913845965170468,
        "f1": 0.5934065934065934,
        "threshold": 0.7476971745491028,
        "n_pos": 54,
        "is_new": false
      },
      "LAFB": {
        "auroc": 0.9671977337274676,
        "f1": 0.5762081784386617,
        "threshold": 0.7229536771774292,
        "n_pos": 162,
        "is_new": false
      },
      "1AVB": {
        "auroc": 0.9625919970532609,
        "f1": 0.4459016393442623,
        "threshold": 0.7595697641372681,
        "n_pos": 79,
        "is_new": false
      },
      "ISC_": {
        "auroc": 0.9291930379746836,
        "f1": 0.43222003929273084,
        "threshold": 0.8234253525733948,
        "n_pos": 128,
        "is_new": false
      },
      "NDT": {
        "auroc": 0.8664287019393908,
        "f1": 0.345957011258956,
        "threshold": 0.9367994070053101,
        "n_pos": 182,
        "is_new": false
      },
      "IRBBB": {
        "auroc": 0.9389711272194169,
        "f1": 0.42083333333333334,
        "threshold": 0.8487237095832825,
        "n_pos": 112,
        "is_new": false
      },
      "STACH": {
        "auroc": null,
        "f1": 0.0,
        "threshold": 0.7276138067245483,
        "n_pos": 0,
        "is_new": false
      },
      "PAC": {
        "auroc": null,
        "f1": 0.0,
        "threshold": 0.8577032685279846,
        "n_pos": 0,
        "is_new": true
      },
      "Brady": {
        "auroc": null,
        "f1": 0.0,
        "threshold": 0.7005420923233032,
        "n_pos": 0,
        "is_new": true
      },
      "SVT": {
        "auroc": null,
        "f1": 0.0,
        "threshold": 0.9294193387031555,
        "n_pos": 0,
        "is_new": true
      },
      "LQTP": {
        "auroc": null,
        "f1": 0.0,
        "threshold": 0.9118419885635376,
        "n_pos": 0,
        "is_new": true
      },
      "TAb": {
        "auroc": null,
        "f1": 0.0,
        "threshold": 0.8106938004493713,
        "n_pos": 0,
        "is_new": true
      },
      "LAD": {
        "auroc": null,
        "f1": 0.0,
        "threshold": 0.8852930068969727,
        "n_pos": 0,
        "is_new": true
      },
      "RAD": {
        "auroc": null,
        "f1": 0.0,
        "threshold": 0.9267563223838806,
        "n_pos": 0,
        "is_new": true
      },
      "NSIVC": {
        "auroc": null,
        "f1": 0.0,
        "threshold": 0.94316166639328,
        "n_pos": 0,
        "is_new": true
      },
      "AFL": {
        "auroc": null,
        "f1": 0.0,
        "threshold": 0.836869478225708,
        "n_pos": 0,
        "is_new": true
      },
      "STc": {
        "auroc": null,
        "f1": 0.0,
        "threshold": 0.8222196698188782,
        "n_pos": 0,
        "is_new": true
      },
      "STD": {
        "auroc": null,
        "f1": 0.0,
        "threshold": 0.8545031547546387,
        "n_pos": 0,
        "is_new": true
      },
      "LAE": {
        "auroc": null,
        "f1": 0.0,
        "threshold": 0.9449127912521362,
        "n_pos": 0,
        "is_new": true
      }
    }
  },
  "challenge_test": {
    "macro_auroc": 0.925597801514101,
    "macro_f1": 0.33241320914729605,
    "micro_f1": 0.4626502941928882,
    "per_class": {
      "NORM": {
        "auroc": 0.9202304136099387,
        "f1": 0.6351351351351351,
        "threshold": 0.3516901731491089,
        "n_pos": 877,
        "is_new": false
      },
      "AFIB": {
        "auroc": 0.8984786333100939,
        "f1": 0.29141370338248046,
        "threshold": 0.7258850932121277,
        "n_pos": 189,
        "is_new": false
      },
      "PVC": {
        "auroc": 0.9500274190275098,
        "f1": 0.3556658395368073,
        "threshold": 0.8335703015327454,
        "n_pos": 239,
        "is_new": false
      },
      "LVH": {
        "auroc": 0.9282295619179027,
        "f1": 0.4811281625881377,
        "threshold": 0.8268817663192749,
        "n_pos": 624,
        "is_new": false
      },
      "IMI": {
        "auroc": null,
        "f1": 0.0,
        "threshold": 0.95,
        "n_pos": 0,
        "is_new": false
      },
      "ASMI": {
        "auroc": null,
        "f1": 0.0,
        "threshold": 0.9213552474975586,
        "n_pos": 0,
        "is_new": false
      },
      "CLBBB": {
        "auroc": 0.9695098206015237,
        "f1": 0.6071871127633209,
        "threshold": 0.7386265397071838,
        "n_pos": 275,
        "is_new": false
      },
      "CRBBB": {
        "auroc": 0.9856613078595837,
        "f1": 0.7420814479638009,
        "threshold": 0.7476971745491028,
        "n_pos": 348,
        "is_new": false
      },
      "LAFB": {
        "auroc": 0.8730576886769671,
        "f1": 0.25680087051142547,
        "threshold": 0.7229536771774292,
        "n_pos": 186,
        "is_new": false
      },
      "1AVB": {
        "auroc": 0.8369586614173228,
        "f1": 0.0,
        "threshold": 0.7595697641372681,
        "n_pos": 4,
        "is_new": false
      },
      "ISC_": {
        "auroc": null,
        "f1": 0.0,
        "threshold": 0.8234253525733948,
        "n_pos": 0,
        "is_new": false
      },
      "NDT": {
        "auroc": null,
        "f1": 0.0,
        "threshold": 0.9367994070053101,
        "n_pos": 0,
        "is_new": false
      },
      "IRBBB": {
        "auroc": 0.9421250110845083,
        "f1": 0.2010221465076661,
        "threshold": 0.8487237095832825,
        "n_pos": 72,
        "is_new": false
      },
      "STACH": {
        "auroc": 0.9873643553134076,
        "f1": 0.8915032679738563,
        "threshold": 0.7276138067245483,
        "n_pos": 710,
        "is_new": false
      },
      "PAC": {
        "auroc": 0.8738533305892845,
        "f1": 0.22911694510739858,
        "threshold": 0.8577032685279846,
        "n_pos": 225,
        "is_new": true
      },
      "Brady": {
        "auroc": 0.9878510813999826,
        "f1": 0.8952998379254457,
        "threshold": 0.7005420923233032,
        "n_pos": 1392,
        "is_new": true
      },
      "SVT": {
        "auroc": 0.958974647570275,
        "f1": 0.09090909090909091,
        "threshold": 0.9294193387031555,
        "n_pos": 7,
        "is_new": true
      },
      "LQTP": {
        "auroc": 0.9133933811910243,
        "f1": 0.24584103512014788,
        "threshold": 0.9118419885635376,
        "n_pos": 162,
        "is_new": true
      },
      "TAb": {
        "auroc": 0.8089596573077344,
        "f1": 0.4505928853754941,
        "threshold": 0.8106938004493713,
        "n_pos": 1073,
        "is_new": true
      },
      "LAD": {
        "auroc": 0.9645764418809236,