{
  "ptbxl_test": {
    "macro_auroc": 0.9676526659227553,
    "macro_f1": 0.3251658630240883,
    "micro_f1": 0.7284150062825345,
    "per_class": {
      "NORM": {
        "auroc": 0.9571529386884402,
        "f1": 0.8804347826086957,
        "threshold": 0.47245525840855535,
        "n_pos": 954,
        "is_new": false
      },
      "AFIB": {
        "auroc": null,
        "f1": 0.0,
        "threshold": 0.7487373519555263,
        "n_pos": 0,
        "is_new": false
      },
      "PVC": {
        "auroc": 0.9881473634651601,
        "f1": 0.7800829875518672,
        "threshold": 0.8795209974884366,
        "n_pos": 96,
        "is_new": false
      },
      "LVH": {
        "auroc": 0.9484333657799053,
        "f1": 0.6605080831408776,
        "threshold": 0.7789220503320698,
        "n_pos": 177,
        "is_new": false
      },
      "IMI": {
        "auroc": 0.9455436343668159,
        "f1": 0.6104417670682731,
        "threshold": 0.9340977521859598,
        "n_pos": 175,
        "is_new": false
      },
      "ASMI": {
        "auroc": 0.9726437256449464,
        "f1": 0.7165991902834008,
        "threshold": 0.7709158021544179,
        "n_pos": 194,
        "is_new": false
      },
      "CLBBB": {
        "auroc": 0.9909655792658001,
        "f1": 0.8727272727272727,
        "threshold": 0.8699197212132893,
        "n_pos": 54,
        "is_new": false
      },
      "CRBBB": {
        "auroc": 0.9949615730520808,
        "f1": 0.8412698412698413,
        "threshold": 0.8557985214201106,
        "n_pos": 54,
        "is_new": false
      },
      "LAFB": {
        "auroc": 0.9801664927838637,
        "f1": 0.7586206896551724,
        "threshold": 0.8418726294302578,
        "n_pos": 162,
        "is_new": false
      },
      "1AVB": {
        "auroc": 0.9578106295113087,
        "f1": 0.5346534653465347,
        "threshold": 0.8872930679414802,
        "n_pos": 79,
        "is_new": false
      },
      "ISC_": {
        "auroc": 0.966295670310702,
        "f1": 0.6666666666666666,
        "threshold": 0.893792642750716,
        "n_pos": 128,
        "is_new": false
      },
      "NDT": {
        "auroc": 0.9347609041789563,
        "f1": 0.5233333333333333,
        "threshold": 0.8895855883983328,
        "n_pos": 182,
        "is_new": false
      },
      "IRBBB": {
        "auroc": 0.9749501140250856,
        "f1": 0.6089743589743589,
        "threshold": 0.9255481594416122,
        "n_pos": 112,
        "is_new": false
      },
      "STACH": {
        "auroc": null,
        "f1": 0.0,
        "threshold": 0.8986686827305226,
        "n_pos": 0,
        "is_new": false
      },
      "PAC": {
        "auroc": null,
        "f1": 0.0,
        "threshold": 0.7752691083214058,
        "n_pos": 0,
        "is_new": true
      },
      "Brady": {
        "auroc": null,
        "f1": 0.0,
        "threshold": 0.7852624575331191,
        "n_pos": 0,
        "is_new": true
      },
      "SVT": {
        "auroc": null,
        "f1": 0.0,
        "threshold": 0.31753514834966357,
        "n_pos": 0,
        "is_new": true
      },
      "LQTP": {
        "auroc": null,
        "f1": 0.0,
        "threshold": 0.9232420345132245,
        "n_pos": 0,
        "is_new": true
      },
      "TAb": {
        "auroc": null,
        "f1": 0.0,
        "threshold": 0.7229763492563419,
        "n_pos": 0,
        "is_new": true
      },
      "LAD": {
        "auroc": null,
        "f1": 0.0,
        "threshold": 0.8194401646678886,
        "n_pos": 0,
        "is_new": true
      },
      "RAD": {
        "auroc": null,
        "f1": 0.0,
        "threshold": 0.7714187653436497,
        "n_pos": 0,
        "is_new": true
      },
      "NSIVC": {
        "auroc": null,
        "f1": 0.0,
        "threshold": 0.8989777185669504,
        "n_pos": 0,
        "is_new": true
      },
      "AFL": {
        "auroc": null,
        "f1": 0.0,
        "threshold": 0.7543146562863315,
        "n_pos": 0,
        "is_new": true
      },
      "STc": {
        "auroc": null,
        "f1": 0.0,
        "threshold": 0.835558428807455,
        "n_pos": 0,
        "is_new": true
      },
      "STD": {
        "auroc": null,
        "f1": 0.0,
        "threshold": 0.8216161872802145,
        "n_pos": 0,
        "is_new": true
      },
      "LAE": {
        "auroc": null,
        "f1": 0.0,
        "threshold": 0.95,
        "n_pos": 0,
        "is_new": true
      }
    }
  },
  "challenge_test": {
    "macro_auroc": 0.9389733584146264,
    "macro_f1": 0.46230760609358135,
    "micro_f1": 0.630779539870449,
    "per_class": {
      "NORM": {
        "auroc": 0.9055770924226576,
        "f1": 0.758576874205845,
        "threshold": 0.47245525840855535,
        "n_pos": 877,
        "is_new": false
      },
      "AFIB": {
        "auroc": 0.8752128021790943,
        "f1": 0.2731707317073171,
        "threshold": 0.7487373519555263,
        "n_pos": 189,
        "is_new": false
      },
      "PVC": {
        "auroc": 0.9735248779097633,
        "f1": 0.6549520766773163,
        "threshold": 0.8795209974884366,
        "n_pos": 239,
        "is_new": false
      },
      "LVH": {
        "auroc": 0.9485418822582499,
        "f1": 0.684010152284264,
        "threshold": 0.7789220503320698,
        "n_pos": 624,
        "is_new": false
      },
      "IMI": {
        "auroc": null,
        "f1": 0.0,
        "threshold": 0.9340977521859598,
        "n_pos": 0,
        "is_new": false
      },
      "ASMI": {
        "auroc": null,
        "f1": 0.0,
        "threshold": 0.7709158021544179,
        "n_pos": 0,
        "is_new": false
      },
      "CLBBB": {
        "auroc": 0.9724323711223274,
        "f1": 0.7435064935064936,
        "threshold": 0.8699197212132893,
        "n_pos": 275,
        "is_new": false
      },
      "CRBBB": {
        "auroc": 0.9811009824479652,
        "f1": 0.848404255319149,
        "threshold": 0.8557985214201106,
        "n_pos": 348,
        "is_new": false
      },
      "LAFB": {
        "auroc": 0.8981096080471731,
        "f1": 0.2468553459119497,
        "threshold": 0.8418726294302578,
        "n_pos": 186,
        "is_new": false
      },
      "1AVB": {
        "auroc": 0.8300688976377952,
        "f1": 0.0,
        "threshold": 0.8872930679414802,
        "n_pos": 4,
        "is_new": false
      },
      "ISC_": {
        "auroc": null,
        "f1": 0.0,
        "threshold": 0.893792642750716,
        "n_pos": 0,
        "is_new": false
      },
      "NDT": {
        "auroc": null,
        "f1": 0.0,
        "threshold": 0.8895855883983328,
        "n_pos": 0,
        "is_new": false
      },
      "IRBBB": {
        "auroc": 0.9044515385297509,
        "f1": 0.18114602587800369,
        "threshold": 0.9255481594416122,
        "n_pos": 72,
        "is_new": false
      },
      "STACH": {
        "auroc": 0.9948190974838513,
        "f1": 0.931710615280595,
        "threshold": 0.8986686827305226,
        "n_pos": 710,
        "is_new": false
      },
      "PAC": {
        "auroc": 0.9437410532574146,
        "f1": 0.5825242718446602,
        "threshold": 0.7752691083214058,
        "n_pos": 225,
        "is_new": true
      },
      "Brady": {
        "auroc": 0.9888890704972539,
        "f1": 0.9478804725503822,
        "threshold": 0.7852624575331191,
        "n_pos": 1392,
        "is_new": true
      },
      "SVT": {
        "auroc": 0.9625763246011424,
        "f1": 0.2727272727272727,
        "threshold": 0.31753514834966357,
        "n_pos": 7,
        "is_new": true
      },
      "LQTP": {
        "auroc": 0.928530131784229,
        "f1": 0.4365079365079365,
        "threshold": 0.9232420345132245,
        "n_pos": 162,
        "is_new": true
      },
      "TAb": {
        "auroc": 0.8715516253880581,
        "f1": 0.6018987341772152,
        "threshold": 0.7229763492563419,
        "n_pos": 1073,
        "is_new": true
      },
      "LAD": {
        "auroc": 0.9774507696533277,