{
  "ptbxl_test": {
    "macro_auroc": 0.970028780038986,
    "macro_f1": 0.334907132674824,
    "micro_f1": 0.7552210724365005,
    "per_class": {
      "NORM": {
        "auroc": 0.9557231325168267,
        "f1": 0.8934599156118144,
        "threshold": 0.8261843323707581,
        "n_pos": 954,
        "is_new": false
      },
      "AFIB": {
        "auroc": null,
        "f1": 0.0,
        "threshold": 0.8454486131668091,
        "n_pos": 0,
        "is_new": false
      },
      "PVC": {
        "auroc": 0.9883592278719397,
        "f1": 0.7894736842105263,
        "threshold": 0.9,
        "n_pos": 96,
        "is_new": false
      },
      "LVH": {
        "auroc": 0.9546751496054564,
        "f1": 0.6764705882352942,
        "threshold": 0.7176550626754761,
        "n_pos": 177,
        "is_new": false
      },
      "IMI": {
        "auroc": 0.9469122243811777,
        "f1": 0.6355555555555555,
        "threshold": 0.9,
        "n_pos": 175,
        "is_new": false
      },
      "ASMI": {
        "auroc": 0.9791070635821043,
        "f1": 0.7631578947368421,
        "threshold": 0.9,
        "n_pos": 194,
        "is_new": false
      },
      "CLBBB": {
        "auroc": 0.9948491537895511,
        "f1": 0.9174311926605505,
        "threshold": 0.9,
        "n_pos": 54,
        "is_new": false
      },
      "CRBBB": {
        "auroc": 0.9956974082250021,
        "f1": 0.864,
        "threshold": 0.9,
        "n_pos": 54,
        "is_new": false
      },
      "LAFB": {
        "auroc": 0.9827095287776039,
        "f1": 0.7467532467532467,
        "threshold": 0.85940021276474,
        "n_pos": 162,
        "is_new": false
      },
      "1AVB": {
        "auroc": 0.9677771245209779,
        "f1": 0.5294117647058824,
        "threshold": 0.9,
        "n_pos": 79,
        "is_new": false
      },
      "ISC_": {
        "auroc": 0.9692219864787112,
        "f1": 0.6821705426356589,
        "threshold": 0.9,
        "n_pos": 128,
        "is_new": false
      },
      "NDT": {
        "auroc": 0.9341148756231892,
        "f1": 0.5545286506469501,
        "threshold": 0.9,
        "n_pos": 182,
        "is_new": false
      },
      "IRBBB": {
        "auroc": 0.9711984850952924,
        "f1": 0.6551724137931034,
        "threshold": 0.9,
        "n_pos": 112,
        "is_new": false
      },
      "STACH": {
        "auroc": null,
        "f1": 0.0,
        "threshold": 0.8778657913208008,
        "n_pos": 0,
        "is_new": false
      },
      "PAC": {
        "auroc": null,
        "f1": 0.0,
        "threshold": 0.8777508735656738,
        "n_pos": 0,
        "is_new": true
      },
      "Brady": {
        "auroc": null,
        "f1": 0.0,
        "threshold": 0.7337468862533569,
        "n_pos": 0,
        "is_new": true
      },
      "SVT": {
        "auroc": null,
        "f1": 0.0,
        "threshold": 0.9,
        "n_pos": 0,
        "is_new": true
      },
      "LQTP": {
        "auroc": null,
        "f1": 0.0,
        "threshold": 0.9,
        "n_pos": 0,
        "is_new": true
      },
      "TAb": {
        "auroc": null,
        "f1": 0.0,
        "threshold": 0.7044786810874939,
        "n_pos": 0,
        "is_new": true
      },
      "LAD": {
        "auroc": null,
        "f1": 0.0,
        "threshold": 0.812285840511322,
        "n_pos": 0,
        "is_new": true
      },
      "RAD": {
        "auroc": null,
        "f1": 0.0,
        "threshold": 0.8935102224349976,
        "n_pos": 0,
        "is_new": true
      },
      "NSIVC": {
        "auroc": null,
        "f1": 0.0,
        "threshold": 0.9,
        "n_pos": 0,
        "is_new": true
      },
      "AFL": {
        "auroc": null,
        "f1": 0.0,
        "threshold": 0.8617351055145264,
        "n_pos": 0,
        "is_new": true
      },
      "STc": {
        "auroc": null,
        "f1": 0.0,
        "threshold": 0.8709754347801208,
        "n_pos": 0,
        "is_new": true
      },
      "STD": {
        "auroc": null,
        "f1": 0.0,
        "threshold": 0.894239068031311,
        "n_pos": 0,
        "is_new": true
      },
      "LAE": {
        "auroc": null,
        "f1": 0.0,
        "threshold": 0.9,
        "n_pos": 0,
        "is_new": true
      }
    }
  },
  "challenge_test": {
    "macro_auroc": 0.9433293322331185,
    "macro_f1": 0.4674673157629888,
    "micro_f1": 0.6844458471411288,
    "per_class": {
      "NORM": {
        "auroc": 0.9241059655420366,
        "f1": 0.8057285180572852,
        "threshold": 0.8261843323707581,
        "n_pos": 877,
        "is_new": false
      },
      "AFIB": {
        "auroc": 0.8753722349227967,
        "f1": 0.26936026936026936,
        "threshold": 0.8454486131668091,
        "n_pos": 189,
        "is_new": false
      },
      "PVC": {
        "auroc": 0.9649511423155477,
        "f1": 0.7372881355932204,
        "threshold": 0.9,
        "n_pos": 239,
        "is_new": false
      },
      "LVH": {
        "auroc": 0.9538763366678163,
        "f1": 0.6979655712050078,
        "threshold": 0.7176550626754761,
        "n_pos": 624,
        "is_new": false
      },
      "IMI": {
        "auroc": null,
        "f1": 0.0,
        "threshold": 0.9,
        "n_pos": 0,
        "is_new": false
      },
      "ASMI": {
        "auroc": null,
        "f1": 0.0,
        "threshold": 0.9,
        "n_pos": 0,
        "is_new": false
      },
      "CLBBB": {
        "auroc": 0.973736743605739,
        "f1": 0.7395498392282959,
        "threshold": 0.9,
        "n_pos": 275,
        "is_new": false
      },
      "CRBBB": {
        "auroc": 0.9869124242777261,
        "f1": 0.8824343015214384,
        "threshold": 0.9,
        "n_pos": 348,
        "is_new": false
      },
      "LAFB": {
        "auroc": 0.8827555245283352,
        "f1": 0.25684210526315787,
        "threshold": 0.85940021276474,
        "n_pos": 186,
        "is_new": false
      },
      "1AVB": {
        "auroc": 0.8734251968503938,
        "f1": 0.010416666666666666,
        "threshold": 0.9,
        "n_pos": 4,
        "is_new": false
      },
      "ISC_": {
        "auroc": null,
        "f1": 0.0,
        "threshold": 0.9,
        "n_pos": 0,
        "is_new": false
      },
      "NDT": {
        "auroc": null,
        "f1": 0.0,
        "threshold": 0.9,
        "n_pos": 0,
        "is_new": false
      },
      "IRBBB": {
        "auroc": 0.9130919127427507,
        "f1": 0.20245398773006135,
        "threshold": 0.9,
        "n_pos": 72,
        "is_new": false
      },
      "STACH": {
        "auroc": 0.9953542701108341,
        "f1": 0.9297520661157025,
        "threshold": 0.8778657913208008,
        "n_pos": 710,
        "is_new": false
      },
      "PAC": {
        "auroc": 0.9420379136081957,
        "f1": 0.5783664459161147,
        "threshold": 0.8777508735656738,
        "n_pos": 225,
        "is_new": true
      },
      "Brady": {
        "auroc": 0.9870800565995443,
        "f1": 0.9493055555555555,
        "threshold": 0.7337468862533569,
        "n_pos": 1392,
        "is_new": true
      },
      "SVT": {
        "auroc": 0.9944849320464841,
        "f1": 0.32,
        "threshold": 0.9,
        "n_pos": 7,
        "is_new": true
      },
      "LQTP": {
        "auroc": 0.9223616817413377,
        "f1": 0.46475195822454307,
        "threshold": 0.9,
        "n_pos": 162,
        "is_new": true
      },
      "TAb": {
        "auroc": 0.879978242498553,
        "f1": 0.6390532544378699,
        "threshold": 0.7044786810874939,
        "n_pos": 1073,
        "is_new": true
      },
      "LAD": {
        "auroc": 0.9761879172189781,
        "f1": 0.6047297297297297,