{
  "model": "models/ecg_multilabel_v3_best.pt",
  "calibration_method": "per_class_temperature",
  "temperature": [
    1.11069655418396,
    2.04852557182312,
    2.0016205310821533,
    1.739318609237671,
    2.195678949356079,
    2.1193768978118896,
    1.6561954021453857,
    1.5772089958190918,
    1.8851035833358765,
    1.8277024030685425,
    1.9064425230026245,
    2.155794143676758,
    2.0671944618225098,
    1.727296233177185,
    1.9541736841201782,
    1.1966749429702759,
    1.5031179189682007,
    1.9691084623336792,
    1.8138694763183594,
    2.0029733180999756,
    2.133449077606201,
    1.9339721202850342,
    1.705942153930664,
    2.071763038635254,
    2.0525665283203125,
    2.0693600177764893
  ],
  "thresholds": {
    "NORM": 0.47245525840855535,
    "AFIB": 0.7487373519555263,
    "PVC": 0.8795209974884366,
    "LVH": 0.7789220503320698,
    "IMI": 0.9340977521859598,
    "ASMI": 0.7709158021544179,
    "CLBBB": 0.8699197212132893,
    "CRBBB": 0.8557985214201106,
    "LAFB": 0.8418726294302578,
    "1AVB": 0.8872930679414802,
    "ISC_": 0.893792642750716,
    "NDT": 0.8895855883983328,
    "IRBBB": 0.9255481594416122,
    "STACH": 0.8986686827305226,
    "PAC": 0.7752691083214058,
    "Brady": 0.7852624575331191,
    "SVT": 0.31753514834966357,
    "LQTP": 0.9232420345132245,
    "TAb": 0.7229763492563419,
    "LAD": 0.8194401646678886,
    "RAD": 0.7714187653436497,
    "NSIVC": 0.8989777185669504,
    "AFL": 0.7543146562863315,
    "STc": 0.835558428807455,
    "STD": 0.8216161872802145,
    "LAE": 0.95
  },
  "val_macro_f1": null,
  "test_macro_f1": 0.6009383790020049,
  "test_micro_f1": 0.7098961462535405,
  "test_per_class_f1": {
    "NORM": 0.8246639392168322,
    "AFIB": 0.26622296173044924,
    "PVC": 0.7532467532467533,
    "LVH": 0.7068181818181818,
    "IMI": 0.6133333333333333,
    "ASMI": 0.7368421052631579,
    "CLBBB": 0.759170653907496,
    "CRBBB": 0.8730350665054414,
    "LAFB": 0.449438202247191,
    "1AVB": 0.3188405797101449,
    "ISC_": 0.4957983193277311,
    "NDT": 0.587737843551797,
    "IRBBB": 0.4652567975830816,
    "STACH": 0.9278779472954231,
    "PAC": 0.591304347826087,
    "Brady": 0.9502452697967765,
    "SVT": 0.34782608695652173,
    "LQTP": 0.43956043956043955,
    "TAb": 0.6204325130499627,
    "LAD": 0.6264591439688716,
    "RAD": 0.43209876543209874,
    "NSIVC": 0.5210084033613446,
    "AFL": 0.8885209713024282,
    "STc": 0.44026548672566373,
    "STD": 0.4793028322440087,
    "LAE": 0.509090909090909
  }
}