{
  "model": "models/ecg_multilabel_v3_best.pt",
  "calibration_method": "global_temperature",
  "temperature": 2.0424723625183105,
  "thresholds": {
    "NORM": 0.3516901731491089,
    "AFIB": 0.7258850932121277,
    "PVC": 0.8335703015327454,
    "LVH": 0.8268817663192749,
    "IMI": 0.95,
    "ASMI": 0.9213552474975586,
    "CLBBB": 0.7386265397071838,
    "CRBBB": 0.7476971745491028,
    "LAFB": 0.7229536771774292,
    "1AVB": 0.7595697641372681,
    "ISC_": 0.8234253525733948,
    "NDT": 0.9367994070053101,
    "IRBBB": 0.8487237095832825,
    "STACH": 0.7276138067245483,
    "PAC": 0.8577032685279846,
    "Brady": 0.7005420923233032,
    "SVT": 0.9294193387031555,
    "LQTP": 0.9118419885635376,
    "TAb": 0.8106938004493713,
    "LAD": 0.8852930068969727,
    "RAD": 0.9267563223838806,
    "NSIVC": 0.94316166639328,
    "AFL": 0.836869478225708,
    "STc": 0.8222196698188782,
    "STD": 0.8545031547546387,
    "LAE": 0.9449127912521362
  },
  "val_macro_f1": 0.0,
  "test_macro_f1": 0.5209201179197569,
  "test_micro_f1": 0.6504031078992439,
  "test_per_class_f1": {
    "NORM": 0.8018120045300113,
    "AFIB": 0.24734982332155478,
    "PVC": 0.5722801788375559,
    "LVH": 0.6460980036297641,
    "IMI": 0.33906633906633904,
    "ASMI": 0.4894366197183099,
    "CLBBB": 0.7124824684431977,
    "CRBBB": 0.8290993071593533,
    "LAFB": 0.4592760180995475,
    "1AVB": 0.5125,
    "ISC_": 0.5671641791044776,
    "NDT": 0.4671201814058957,
    "IRBBB": 0.4675925925925926,
    "STACH": 0.8865546218487395,
    "PAC": 0.4069264069264069,
    "Brady": 0.9213328753005839,
    "SVT": 0.2222222222222222,
    "LQTP": 0.36298932384341637,
    "TAb": 0.5441844219350331,
    "LAD": 0.5157699443413729,
    "RAD": 0.41711229946524064,
    "NSIVC": 0.1951219512195122,
    "AFL": 0.8526200873362445,
    "STc": 0.31245043616177637,
    "STD": 0.33001422475106684,
    "LAE": 0.46534653465346537
  }
}