{
  "model": "models/ecg_multilabel_v3.pt",
  "thresholds": {
    "NORM": 0.5352169871330261,
    "AFIB": 0.5,
    "PVC": 0.9,
    "LVH": 0.9,
    "IMI": 0.9,
    "ASMI": 0.9,
    "CLBBB": 0.28735026717185974,
    "CRBBB": 0.9,
    "LAFB": 0.5915838479995728,
    "1AVB": 0.9,
    "ISC_": 0.8168163299560547,
    "NDT": 0.9,
    "IRBBB": 0.9,
    "STACH": 0.5,
    "PAC": 0.5,
    "Brady": 0.5,
    "SVT": 0.5,
    "LQTP": 0.5,
    "TAb": 0.5,
    "LAD": 0.5,
    "RAD": 0.5,
    "NSIVC": 0.5,
    "AFL": 0.5,
    "STc": 0.5,
    "STD": 0.5,
    "LAE": 0.5
  },
  "val_macro_f1": 0.3352663614451605,
  "test_macro_f1": 0.331875790660306,
  "test_micro_f1": 0.7585820895522388,
  "test_per_class_f1": {
    "NORM": 0.9011776753712237,
    "AFIB": 0.0,
    "PVC": 0.7673469387755102,
    "LVH": 0.6509433962264151,
    "IMI": 0.6219239373601789,
    "ASMI": 0.7651331719128329,
    "CLBBB": 0.918918918918919,
    "CRBBB": 0.7941176470588235,
    "LAFB": 0.7857142857142857,
    "1AVB": 0.5786802030456852,
    "ISC_": 0.6798679867986799,
    "NDT": 0.56640625,
    "IRBBB": 0.5985401459854015,
    "STACH": 0.0,
    "PAC": 0.0,
    "Brady": 0.0,
    "SVT": 0.0,
    "LQTP": 0.0,
    "TAb": 0.0,
    "LAD": 0.0,
    "RAD": 0.0,
    "NSIVC": 0.0,
    "AFL": 0.0,
    "STc": 0.0,
    "STD": 0.0,
    "LAE": 0.0
  }
}