{
  "model": "models/ecg_multilabel_v2.pt",
  "thresholds": {
    "NORM": 0.4843652844429016,
    "AFIB": 0.5,
    "PVC": 0.9,
    "LVH": 0.9,
    "IMI": 0.9,
    "ASMI": 0.9,
    "CLBBB": 0.4283585846424103,
    "CRBBB": 0.871301531791687,
    "LAFB": 0.7491387128829956,
    "1AVB": 0.9,
    "ISC_": 0.6738592982292175,
    "NDT": 0.9,
    "IRBBB": 0.9,
    "STACH": 0.5
  },
  "val_macro_f1": 0.6212091355587576,
  "test_macro_f1": 0.6278056908340072,
  "test_micro_f1": 0.769057453999249,
  "test_per_class_f1": {
    "NORM": 0.9038461538461539,
    "AFIB": 0.0,
    "PVC": 0.7798165137614679,
    "LVH": 0.6736842105263158,
    "IMI": 0.6228070175438597,
    "ASMI": 0.784037558685446,
    "CLBBB": 0.896551724137931,
    "CRBBB": 0.8548387096774194,
    "LAFB": 0.7804878048780488,
    "1AVB": 0.5581395348837209,
    "ISC_": 0.6729559748427673,
    "NDT": 0.5770750988142292,
    "IRBBB": 0.6850393700787402,
    "STACH": 0.0
  }
}